1,google.com
2,youtube.com
3,facebook.com
4,baidu.com
5,wikipedia.org
6,yahoo.com
7,google.co.in
8,reddit.com
9,qq.com
10,taobao.com
11,amazon.com
12,tmall.com
13,twitter.com
14,google.co.jp
15,vk.com
16,live.com
17,sohu.com
18,instagram.com
19,jd.com
20,sina.com.cn
21,weibo.com
22,360.cn
23,google.de
24,google.co.uk
25,google.com.br
26,list.tmall.com
27,google.fr
28,linkedin.com
29,google.ru
30,yandex.ru
31,google.it
32,netflix.com
33,google.com.hk
34,google.es
35,yahoo.co.jp
36,pornhub.com
37,google.com.mx
38,google.ca
39,t.co
40,twitch.tv
41,bing.com
42,xvideos.com
43,ebay.com
44,alipay.com
45,imgur.com
46,msn.com
47,wordpress.com
48,ok.ru
49,office.com
50,microsoft.com
51,mail.ru
52,aliexpress.com
53,livejasmin.com
54,tumblr.com
55,hao123.com
56,microsoftonline.com
57,imdb.com
58,blogspot.com
59,apple.com
60,csdn.net
61,stackoverflow.com
62,google.com.au
63,amazon.co.jp
64,google.com.tr
65,wikia.com
66,google.com.tw
67,github.com
68,paypal.com
69,whatsapp.com
70,google.co.id
71,detail.tmall.com
72,google.pl
73,popads.net
74,pinterest.com
75,xhamster.com
76,espn.com
77,amazon.in
78,adobe.com
79,coccoc.com
80,google.com.ar
81,diply.com
82,googleusercontent.com
83,dropbox.com
84,amazon.de
85,nicovideo.jp
86,google.com.ua
87,bongacams.com
88,tianya.cn
89,mozilla.org
90,xnxx.com
91,so.com
92,txxx.com
93,google.com.pk
94,savefrom.net
95,amazon.co.uk
96,deloton.com
97,pixnet.net
98,uptodown.com
99,bbc.co.uk
100,bbc.com
